name,logic,family,mode,expected,result,passed,stable,samples,total_iterations,min_iterations,max_iterations,states,actions,transitions,propositions,agents,automata,automaton_states,automaton_transitions,budget_dimension,formula_size,purpose,primary_parameter,parameter_value,pre_states,goal_states,ordinary_reachable,ordinary_all_pre_reachable,witness_found,witness_size,expected_witness_size,witness_size_passed,witness_agrees,time_ms,min_time_ms,max_time_ms
basic-manual-empty-plan,basic,manual-empty-plan,quick,True,True,True,True,7,215551,25045,33217,2,0,0,2,NA,NA,NA,NA,NA,3,Semantic corner case: the empty plan is sufficient because every start state already satisfies the goal.,semantic-case,empty-plan,1,1,True,True,True,0,0,True,True,0.001521,0.001505,0.001996
basic-manual-vacuous-precondition,basic,manual-vacuous-precondition,quick,True,True,True,True,7,340953,48267,49120,2,0,0,2,NA,NA,NA,NA,NA,3,"Semantic corner case: the precondition is false everywhere, so Kh holds vacuously.",semantic-case,vacuous-precondition,0,1,NA,NA,True,0,0,True,True,0.001029,0.001018,0.001036
basic-manual-reliable-plan,basic,manual-reliable-plan,quick,True,True,True,True,7,63057,8974,9064,3,2,2,2,NA,NA,NA,NA,NA,3,"A deterministic two-step plan witnesses Kh(start,goal).",semantic-case,reliable-plan,1,1,True,True,True,2,2,True,True,0.005552,0.005517,0.005572
basic-manual-nondet-success,basic,manual-nondet-success,quick,True,True,True,True,7,113993,16184,16375,3,1,4,2,NA,NA,NA,NA,NA,3,"The first action is nondeterministic, but every possible successor satisfies the goal.",semantic-case,nondet-success,1,2,True,True,True,1,1,True,True,0.003065,0.003054,0.003090
basic-manual-multistart-success,basic,manual-multistart-success,quick,True,True,True,True,7,95119,13502,13653,3,1,3,2,NA,NA,NA,NA,NA,3,The same one-step plan works from all states satisfying the precondition.,semantic-case,multistart-success,2,1,True,True,True,1,1,True,True,0.003679,0.003662,0.003703
basic-manual-trap-failure,basic,manual-trap-failure,quick,False,False,True,True,7,73386,10436,10535,3,1,4,2,NA,NA,NA,NA,NA,3,Reachability is not enough: the action may also lead to a non-goal trap.,semantic-case,trap-failure,1,1,True,True,False,NA,NA,NA,True,0.004773,0.004746,0.004791
basic-manual-dead-end-failure,basic,manual-dead-end-failure,quick,False,False,True,True,7,84170,11997,12043,3,1,1,2,NA,NA,NA,NA,NA,3,"The available action reaches a dead non-goal state, so no plan guarantees the goal.",semantic-case,dead-end-failure,1,1,False,False,False,NA,NA,NA,True,0.004155,0.004152,0.004168
basic-robot-safe-plan-positive,basic,robot-corridor-safe-plan,quick,True,True,True,True,7,19388,2762,2777,5,2,13,2,NA,NA,NA,NA,NA,3,Robot corridor case study: a safe action guarantees progress to the goal despite the presence of risky behaviour.,case-study,safe-plan,1,1,True,True,True,3,3,True,True,0.018056,0.018010,0.018109
basic-robot-risky-only-negative,basic,robot-corridor-risky-only,quick,False,False,True,True,7,27911,3963,4012,5,1,8,2,NA,NA,NA,NA,NA,3,"Robot corridor case study: the goal is reachable, but every risky move can also fall into a trap.",case-study,risky-only,1,1,True,True,False,NA,NA,NA,True,0.012559,0.012463,0.012619
basic-robot-multistart-positive,basic,robot-corridor-multistart,quick,True,True,True,True,7,52432,7421,7524,4,1,4,2,NA,NA,NA,NA,NA,3,Robot corridor case study: the same safe plan works from multiple possible starting states.,case-study,multi-start,2,1,True,True,True,2,2,True,True,0.006657,0.006646,0.006738
basic-rescue-safe-route-positive,basic,rescue-basic,quick,True,True,True,True,7,11468,1636,1642,5,4,20,2,NA,NA,NA,NA,NA,3,"Autonomous rescue case study: the robot has a reliable plan to enter the building, locate the survivor, and complete the evacuation.",case-study,safe-rescue-route,1,1,True,True,True,3,3,True,True,0.030534,0.030468,0.030575
basic-rescue-risky-branch-negative,basic,rescue-basic,quick,False,False,True,True,7,27597,3928,3957,5,1,8,2,NA,NA,NA,NA,NA,3,"Autonomous rescue case study: the survivor is reachable, but the only available risky move can also lead to a smoke or collapse trap.",case-study,risky-rescue-branch,1,1,True,True,False,NA,NA,NA,True,0.012676,0.012636,0.012732
basic-rescue-multistart-positive,basic,rescue-basic,quick,True,True,True,True,7,5631,785,809,6,4,24,2,NA,NA,NA,NA,NA,3,Autonomous rescue case study: the same reliable rescue route works from multiple possible starting states.,case-study,multi-start-rescue-route,2,1,True,True,True,3,3,True,True,0.061925,0.061839,0.063734
basic-rescue-dead-end-negative,basic,rescue-basic,quick,False,False,True,True,7,19894,2824,2855,4,3,13,2,NA,NA,NA,NA,NA,3,"Autonomous rescue case study: the survivor is reachable, but the rescue route may also lead to a non-goal dead-end area.",case-study,dead-end-rescue-route,1,1,True,True,False,NA,NA,NA,True,0.017601,0.017517,0.017709
basic-line-positive-16,basic,line-positive,quick,True,True,True,True,7,4114,586,589,16,1,15,2,NA,NA,NA,NA,NA,3,Linear positive baseline: increasing states also increases the required witness length.,states,16,1,1,True,True,True,15,15,True,True,0.085131,0.084891,0.085473
basic-line-positive-32,basic,line-positive,quick,True,True,True,True,7,874,124,125,32,1,31,2,NA,NA,NA,NA,NA,3,Linear positive baseline: increasing states also increases the required witness length.,states,32,1,1,True,True,True,31,31,True,True,0.402704,0.401496,0.403266
basic-line-positive-64,basic,line-positive,quick,True,True,True,True,7,161,23,23,64,1,63,2,NA,NA,NA,NA,NA,3,Linear positive baseline: increasing states also increases the required witness length.,states,64,1,1,True,True,True,63,63,True,True,2.259087,2.248348,2.263391
basic-line-broken-negative-16,basic,line-broken-negative,quick,False,False,True,True,7,4171,594,598,16,1,15,2,NA,NA,NA,NA,NA,3,"Linear negative baseline: the path stops before the goal, so the goal is not guaranteed.",states,16,1,1,False,False,False,NA,NA,NA,True,0.084013,0.083689,0.084274
basic-line-broken-negative-32,basic,line-broken-negative,quick,False,False,True,True,7,882,126,126,32,1,31,2,NA,NA,NA,NA,NA,3,"Linear negative baseline: the path stops before the goal, so the goal is not guaranteed.",states,32,1,1,False,False,False,NA,NA,NA,True,0.397421,0.397040,0.398302
basic-line-broken-negative-64,basic,line-broken-negative,quick,False,False,True,True,7,161,23,23,64,1,63,2,NA,NA,NA,NA,NA,3,"Linear negative baseline: the path stops before the goal, so the goal is not guaranteed.",states,64,1,1,False,False,False,NA,NA,NA,True,2.237391,2.228957,2.248783
basic-branching-depth-safe-d4,basic,branching-depth-safe-positive,quick,True,True,True,True,7,14233,2026,2039,9,1,14,2,NA,NA,NA,NA,NA,3,Depth sweep with fixed branching width: all nondeterministic branches eventually reach the goal.,depth,4,1,2,True,True,True,4,4,True,True,0.024600,0.024532,0.024684
basic-branching-depth-safe-d6,basic,branching-depth-safe-positive,quick,True,True,True,True,7,5057,695,736,13,1,22,2,NA,NA,NA,NA,NA,3,Depth sweep with fixed branching width: all nondeterministic branches eventually reach the goal.,depth,6,1,2,True,True,True,6,6,True,True,0.068507,0.068023,0.071948
basic-branching-depth-safe-d8,basic,branching-depth-safe-positive,quick,True,True,True,True,7,2075,291,298,17,1,30,2,NA,NA,NA,NA,NA,3,Depth sweep with fixed branching width: all nondeterministic branches eventually reach the goal.,depth,8,1,2,True,True,True,8,8,True,True,0.168694,0.168339,0.171869
basic-branching-depth-trap-d4,basic,branching-depth-trap-negative,quick,False,False,True,True,7,8642,1225,1237,10,1,16,2,NA,NA,NA,NA,NA,3,Depth sweep with fixed branching width: one branch can enter a non-goal trap.,depth,4,1,2,True,True,False,NA,NA,NA,True,0.040464,0.040432,0.040836
basic-branching-depth-trap-d6,basic,branching-depth-trap-negative,quick,False,False,True,True,7,3750,523,542,14,1,24,2,NA,NA,NA,NA,NA,3,Depth sweep with fixed branching width: one branch can enter a non-goal trap.,depth,6,1,2,True,True,False,NA,NA,NA,True,0.092787,0.092397,0.095616
basic-branching-depth-trap-d8,basic,branching-depth-trap-negative,quick,False,False,True,True,7,1999,280,288,18,1,32,2,NA,NA,NA,NA,NA,3,Depth sweep with fixed branching width: one branch can enter a non-goal trap.,depth,8,1,2,True,True,False,NA,NA,NA,True,0.174679,0.173854,0.179168
basic-branching-width-safe-w2,basic,branching-width-safe-positive,quick,True,True,True,True,7,2047,290,295,17,1,30,2,NA,NA,NA,NA,NA,3,Width sweep with fixed depth: all nondeterministic branches remain safe.,width,2,1,2,True,True,True,8,8,True,True,0.171315,0.169997,0.172817
basic-branching-width-safe-w3,basic,branching-width-safe-positive,quick,True,True,True,True,7,187,26,27,25,1,66,2,NA,NA,NA,NA,NA,3,Width sweep with fixed depth: all nondeterministic branches remain safe.,width,3,1,3,True,True,True,8,8,True,True,1.889889,1.881185,1.968615
basic-branching-width-trap-w2,basic,branching-width-trap-negative,quick,False,False,True,True,7,2026,279,292,18,1,32,2,NA,NA,NA,NA,NA,3,Width sweep with fixed depth: nondeterminism includes a bad trap branch.,width,2,1,2,True,True,False,NA,NA,NA,True,0.171993,0.171716,0.179685
basic-branching-width-trap-w3,basic,branching-width-trap-negative,quick,False,False,True,True,7,719,102,103,26,1,68,2,NA,NA,NA,NA,NA,3,Width sweep with fixed depth: nondeterminism includes a bad trap branch.,width,3,1,3,True,True,False,NA,NA,NA,True,0.490117,0.489825,0.490755
basic-multistart-all-good-w2,basic,multi-start-all-good,quick,True,True,True,True,7,851,120,123,34,1,32,2,NA,NA,NA,NA,NA,3,Precondition sweep: the same plan succeeds from every precondition state.,pre_states,2,2,2,True,True,True,16,16,True,True,0.411221,0.409187,0.417033
basic-multistart-all-good-w4,basic,multi-start-all-good,quick,True,True,True,True,7,158,22,23,68,1,64,2,NA,NA,NA,NA,NA,3,Precondition sweep: the same plan succeeds from every precondition state.,pre_states,4,4,4,True,True,True,16,16,True,True,2.255261,2.247391,2.306727
basic-multistart-all-good-w8,basic,multi-start-all-good,quick,True,True,True,True,7,27,3,4,136,1,128,2,NA,NA,NA,NA,NA,3,Precondition sweep: the same plan succeeds from every precondition state.,pre_states,8,8,8,True,True,True,16,16,True,True,15.895750,15.586250,17.458667
basic-multistart-one-bad-w2,basic,multi-start-one-bad,quick,False,False,True,True,7,979,137,141,35,1,18,2,NA,NA,NA,NA,NA,3,Precondition sweep: one precondition state cannot be guaranteed to reach the goal.,pre_states,2,2,1,True,False,False,NA,NA,NA,True,0.358271,0.354830,0.365175
basic-multistart-one-bad-w4,basic,multi-start-one-bad,quick,False,False,True,True,7,162,23,24,69,1,50,2,NA,NA,NA,NA,NA,3,Precondition sweep: one precondition state cannot be guaranteed to reach the goal.,pre_states,4,4,3,True,False,False,NA,NA,NA,True,2.185435,2.174375,2.213087
basic-multistart-one-bad-w8,basic,multi-start-one-bad,quick,False,False,True,True,7,27,3,4,137,1,114,2,NA,NA,NA,NA,NA,3,Precondition sweep: one precondition state cannot be guaranteed to reach the goal.,pre_states,8,8,7,True,False,False,NA,NA,NA,True,15.936250,15.623250,16.673333
basic-action-count-good-last-k2,basic,action-count-good-last,quick,True,True,True,True,7,723,102,105,25,2,50,2,NA,NA,NA,NA,NA,3,Action-count sweep with fixed path length: only the last action is useful.,actions,2,1,1,True,True,True,23,23,True,True,0.487019,0.479848,0.493206
basic-action-count-good-last-k4,basic,action-count-good-last,quick,True,True,True,True,7,335,43,53,25,4,100,2,NA,NA,NA,NA,NA,3,Action-count sweep with fixed path length: only the last action is useful.,actions,4,1,1,True,True,True,23,23,True,True,1.065000,0.961509,1.167116
basic-action-count-good-last-k8,basic,action-count-good-last,quick,True,True,True,True,7,157,20,24,25,8,200,2,NA,NA,NA,NA,NA,3,Action-count sweep with fixed path length: only the last action is useful.,actions,8,1,1,True,True,True,23,23,True,True,2.342773,2.088292,2.591650
basic-action-count-no-good-k2,basic,action-count-no-good,quick,False,False,True,True,7,5854,762,896,25,2,50,2,NA,NA,NA,NA,NA,3,Action-count sweep with fixed path length: every available action leads to a trap.,actions,2,1,1,False,False,False,NA,NA,NA,True,0.061115,0.055837,0.065633
basic-action-count-no-good-k4,basic,action-count-no-good,quick,False,False,True,True,7,3209,437,473,25,4,100,2,NA,NA,NA,NA,NA,3,Action-count sweep with fixed path length: every available action leads to a trap.,actions,4,1,1,False,False,False,NA,NA,NA,True,0.109092,0.105812,0.114668
basic-action-count-no-good-k8,basic,action-count-no-good,quick,False,False,True,True,7,1626,222,242,25,8,200,2,NA,NA,NA,NA,NA,3,Action-count sweep with fixed path length: every available action leads to a trap.,actions,8,1,1,False,False,False,NA,NA,NA,True,0.217822,0.207488,0.226230
basic-path-length-good-last-n8,basic,path-length-good-last,quick,True,True,True,True,7,2985,416,453,9,4,36,2,NA,NA,NA,NA,NA,3,Path-length sweep with fixed action count: the good action must be repeated until the goal is reached.,path_length,7,1,1,True,True,True,7,7,True,True,0.118279,0.110554,0.120341
basic-path-length-good-last-n16,basic,path-length-good-last,quick,True,True,True,True,7,790,107,120,17,4,68,2,NA,NA,NA,NA,NA,3,Path-length sweep with fixed action count: the good action must be repeated until the goal is reached.,path_length,15,1,1,True,True,True,15,15,True,True,0.447429,0.418892,0.469944
basic-path-length-good-last-n24,basic,path-length-good-last,quick,True,True,True,True,7,340,47,50,25,4,100,2,NA,NA,NA,NA,NA,3,Path-length sweep with fixed action count: the good action must be repeated until the goal is reached.,path_length,23,1,1,True,True,True,23,23,True,True,1.025735,1.008500,1.075617
basic-path-length-no-good-n8,basic,path-length-no-good,quick,False,False,True,True,7,11223,1513,1649,9,4,36,2,NA,NA,NA,NA,NA,3,Path-length sweep with fixed action count: no action can make progress to the goal.,path_length,7,1,1,False,False,False,NA,NA,NA,True,0.030691,0.030327,0.033055
basic-path-length-no-good-n16,basic,path-length-no-good,quick,False,False,True,True,7,5323,736,796,17,4,68,2,NA,NA,NA,NA,NA,3,Path-length sweep with fixed action count: no action can make progress to the goal.,path_length,15,1,1,False,False,False,NA,NA,NA,True,0.066866,0.062835,0.067957
basic-path-length-no-good-n24,basic,path-length-no-good,quick,False,False,True,True,7,3421,476,495,25,4,100,2,NA,NA,NA,NA,NA,3,Path-length sweep with fixed action count: no action can make progress to the goal.,path_length,23,1,1,False,False,False,NA,NA,NA,True,0.101267,0.101192,0.105048
basic-trap-reachable-negative-32,basic,trap-reachable-negative,quick,False,False,True,True,7,289,38,43,33,1,64,2,NA,NA,NA,NA,NA,3,"Reachability separator: the goal is reachable along some path, but the same action can also lead to a trap.",states,32,1,1,True,True,False,NA,NA,NA,True,1.209429,1.166279,1.324000
basic-trap-reachable-negative-64,basic,trap-reachable-negative,quick,False,False,True,True,7,46,6,7,65,1,128,2,NA,NA,NA,NA,NA,3,"Reachability separator: the goal is reachable along some path, but the same action can also lead to a trap.",states,64,1,1,True,True,False,NA,NA,NA,True,7.654714,7.581714,9.061667
basic-formula-depth-positive-32,basic,formula-depth-positive,quick,True,True,True,True,7,137,17,22,64,1,63,2,NA,NA,NA,NA,NA,131,Formula-size sweep with fixed model size and fixed witness length.,formula_depth,32,1,1,True,True,True,63,63,True,True,2.531600,2.306591,2.988706
basic-formula-depth-positive-64,basic,formula-depth-positive,quick,True,True,True,True,7,154,22,22,64,1,63,2,NA,NA,NA,NA,NA,259,Formula-size sweep with fixed model size and fixed witness length.,formula_depth,64,1,1,True,True,True,63,63,True,True,2.320818,2.316227,2.324773
basic-formula-depth-positive-128,basic,formula-depth-positive,quick,True,True,True,True,7,148,21,22,64,1,63,2,NA,NA,NA,NA,NA,515,Formula-size sweep with fixed model size and fixed witness length.,formula_depth,128,1,1,True,True,True,63,63,True,True,2.414524,2.378318,2.439238
intermediate-manual-empty-plan,intermediate,manual-empty-plan,quick,True,True,True,True,7,300307,42042,43512,2,0,0,3,NA,NA,NA,NA,NA,4,Semantic corner case: the empty plan is sufficient because every start state already satisfies the goal.,semantic-case,empty-plan,1,1,True,True,True,0,0,True,NA,0.001158,0.001149,0.001189
intermediate-manual-vacuous-precondition,intermediate,manual-vacuous-precondition,quick,True,True,True,True,7,397960,56480,57278,2,0,0,3,NA,NA,NA,NA,NA,4,"Semantic corner case: the precondition is false everywhere, so Khm holds vacuously.",semantic-case,vacuous-precondition,0,1,NA,NA,True,0,0,True,NA,0.000879,0.000873,0.000885
intermediate-manual-safe-plan,intermediate,manual-safe-plan,quick,True,True,True,True,7,99309,14162,14227,3,2,2,3,NA,NA,NA,NA,NA,4,A two-step plan reaches the goal and its only intermediate state satisfies the constraint.,semantic-case,safe-plan,1,1,True,True,True,2,2,True,NA,0.003526,0.003515,0.003531
intermediate-manual-unsafe-middle-failure,intermediate,manual-unsafe-middle-failure,quick,False,False,True,True,7,59733,8413,8592,3,2,2,3,NA,NA,NA,NA,NA,4,"The goal is reachable, but the only intermediate state violates the intermediate constraint.",semantic-case,unsafe-middle,1,1,True,True,False,NA,NA,NA,NA,0.005853,0.005820,0.005944
intermediate-manual-nondet-safe-success,intermediate,manual-nondet-safe-success,quick,True,True,True,True,7,70738,10075,10133,4,2,4,3,NA,NA,NA,NA,NA,4,"The first action is nondeterministic, but all intermediate successors satisfy the constraint.",semantic-case,nondet-safe-success,1,1,True,True,True,2,2,True,NA,0.004945,0.004935,0.004963
intermediate-manual-nondet-unsafe-failure,intermediate,manual-nondet-unsafe-failure,quick,False,False,True,True,7,46711,6652,6701,4,2,4,3,NA,NA,NA,NA,NA,4,"One nondeterministic intermediate successor violates the constraint, so the plan is not guaranteed.",semantic-case,nondet-unsafe-failure,1,1,True,True,False,NA,NA,NA,NA,0.007502,0.007462,0.007517
intermediate-manual-multistart-success,intermediate,manual-multistart-success,quick,True,True,True,True,7,60561,8509,8726,4,2,3,3,NA,NA,NA,NA,NA,4,The same safe plan works from all states satisfying the precondition.,semantic-case,multistart-success,2,1,True,True,True,2,2,True,NA,0.005777,0.005730,0.005877
intermediate-manual-multistart-one-bad,intermediate,manual-multistart-one-bad,quick,False,False,True,True,7,29418,4188,4220,5,2,4,3,NA,NA,NA,NA,NA,4,One precondition state is forced through an unsafe intermediate state.,semantic-case,multistart-one-bad,2,1,True,True,False,NA,NA,NA,NA,0.011915,0.011849,0.011941
intermediate-manual-dead-end-failure,intermediate,manual-dead-end-failure,quick,False,False,True,True,7,143782,19365,20888,3,1,1,3,NA,NA,NA,NA,NA,4,"The available path reaches a non-goal dead end, so no plan can guarantee the goal.",semantic-case,dead-end-failure,1,1,False,False,False,NA,NA,NA,NA,0.002405,0.002394,0.002582
intermediate-robot-safe-corridor-positive,intermediate,robot-safe-corridor,quick,True,True,True,True,7,32971,4504,4761,5,2,13,3,NA,NA,NA,NA,NA,4,Robot corridor case study: the safe action keeps all intermediate positions safe before reaching the goal.,case-study,safe-corridor,1,1,True,True,True,3,3,True,NA,0.010530,0.010502,0.011102
intermediate-robot-unsafe-corridor-negative,intermediate,robot-unsafe-corridor,quick,False,False,True,True,7,71805,10089,10362,4,1,3,3,NA,NA,NA,NA,NA,4,"Robot corridor case study: the goal is reachable, but every route passes through an unsafe intermediate position.",case-study,unsafe-corridor,1,1,True,True,False,NA,NA,NA,NA,0.004869,0.004826,0.004956
intermediate-robot-risky-branch-negative,intermediate,robot-risky-branch,quick,False,False,True,True,7,49873,7097,7172,5,1,8,3,NA,NA,NA,NA,NA,4,Robot corridor case study: a risky action may either progress safely or fall into an unsafe trap.,case-study,risky-branch,1,1,True,True,False,NA,NA,NA,NA,0.007021,0.006972,0.007046
intermediate-rescue-safe-route-positive,intermediate,rescue-intermediate,quick,True,True,True,True,7,25688,3657,3680,5,3,15,3,NA,NA,NA,NA,NA,4,Autonomous rescue case study: the robot can complete the rescue while every strict intermediate state remains safe.,case-study,safe-rescue-route,1,1,True,True,True,3,3,True,NA,0.013611,0.013588,0.013674
intermediate-rescue-smoke-route-negative,intermediate,rescue-intermediate,quick,False,False,True,True,7,28715,2938,4534,4,3,3,3,NA,NA,NA,NA,NA,4,"Autonomous rescue case study: the survivor is reachable, but every rescue route must pass through an unsafe smoke zone before the goal.",case-study,smoke-route,1,1,True,True,False,NA,NA,NA,NA,0.011437,0.011028,0.017020
intermediate-rescue-risky-branch-negative,intermediate,rescue-intermediate,quick,False,False,True,True,7,48731,6782,7045,5,1,8,3,NA,NA,NA,NA,NA,4,"Autonomous rescue case study: a risky rescue move may progress toward the survivor, but it may also branch into smoke or collapse before the goal.",case-study,risky-branch,1,1,True,True,False,NA,NA,NA,NA,0.007157,0.007098,0.007373
intermediate-rescue-blocked-door-detour-positive,intermediate,rescue-intermediate,quick,True,True,True,True,7,6598,937,945,6,5,30,3,NA,NA,NA,NA,NA,4,Autonomous rescue case study: a blocked direct door can be avoided by a safe detour before locating and evacuating the survivor.,case-study,blocked-door-detour,1,1,True,True,True,4,4,True,NA,0.052995,0.052932,0.053400
intermediate-corridor-positive-8,intermediate,corridor-positive,quick,True,True,True,True,7,26107,3705,3748,8,1,7,3,NA,NA,NA,NA,NA,4,Linear corridor positive baseline: all strict intermediate states satisfy the constraint.,states,8,1,1,True,True,True,7,7,True,NA,0.013406,0.013342,0.013499
intermediate-corridor-positive-16,intermediate,corridor-positive,quick,True,True,True,True,7,6064,865,868,16,1,15,3,NA,NA,NA,NA,NA,4,Linear corridor positive baseline: all strict intermediate states satisfy the constraint.,states,16,1,1,True,True,True,15,15,True,NA,0.057761,0.057622,0.057855
intermediate-corridor-positive-32,intermediate,corridor-positive,quick,True,True,True,True,7,1245,177,178,32,1,31,3,NA,NA,NA,NA,NA,4,Linear corridor positive baseline: all strict intermediate states satisfy the constraint.,states,32,1,1,True,True,True,31,31,True,NA,0.282011,0.281539,0.283113
intermediate-corridor-unsafe-middle-8,intermediate,corridor-unsafe-middle,quick,False,False,True,True,7,25570,3452,3854,8,1,7,3,NA,NA,NA,NA,NA,4,Linear corridor negative baseline: the goal is reachable but one strict intermediate state is unsafe.,states,8,1,1,True,True,False,NA,NA,NA,NA,0.013866,0.012975,0.014485
intermediate-corridor-unsafe-middle-16,intermediate,corridor-unsafe-middle,quick,False,False,True,True,7,6879,939,1009,16,1,15,3,NA,NA,NA,NA,NA,4,Linear corridor negative baseline: the goal is reachable but one strict intermediate state is unsafe.,states,16,1,1,True,True,False,NA,NA,NA,NA,0.050009,0.049591,0.053323
intermediate-corridor-unsafe-middle-32,intermediate,corridor-unsafe-middle,quick,False,False,True,True,7,1536,211,228,32,1,31,3,NA,NA,NA,NA,NA,4,Linear corridor negative baseline: the goal is reachable but one strict intermediate state is unsafe.,states,32,1,1,True,True,False,NA,NA,NA,NA,0.228434,0.220105,0.237379
intermediate-corridor-broken-8,intermediate,corridor-broken,quick,False,False,True,True,7,31140,4421,4465,8,1,7,3,NA,NA,NA,NA,NA,4,Linear corridor negative baseline: the path stops before the goal.,states,8,1,1,False,False,False,NA,NA,NA,NA,0.011242,0.011200,0.011311
intermediate-corridor-broken-16,intermediate,corridor-broken,quick,False,False,True,True,7,7513,1059,1077,16,1,15,3,NA,NA,NA,NA,NA,4,Linear corridor negative baseline: the path stops before the goal.,states,16,1,1,False,False,False,NA,NA,NA,NA,0.046459,0.046427,0.047248
intermediate-corridor-broken-32,intermediate,corridor-broken,quick,False,False,True,True,7,1631,233,233,32,1,31,3,NA,NA,NA,NA,NA,4,Linear corridor negative baseline: the path stops before the goal.,states,32,1,1,False,False,False,NA,NA,NA,NA,0.214773,0.214635,0.215313
intermediate-branching-depth-safe-d4,intermediate,branching-depth-safe,quick,True,True,True,True,7,20174,2878,2889,9,1,14,3,NA,NA,NA,NA,NA,4,Depth sweep with fixed branching width: all nondeterministic intermediate states are safe.,depth,4,1,2,True,True,True,4,4,True,NA,0.017355,0.017312,0.017374
intermediate-branching-depth-safe-d6,intermediate,branching-depth-safe,quick,True,True,True,True,7,6416,891,923,13,1,22,3,NA,NA,NA,NA,NA,4,Depth sweep with fixed branching width: all nondeterministic intermediate states are safe.,depth,6,1,2,True,True,True,6,6,True,NA,0.054280,0.054187,0.056172
intermediate-branching-depth-safe-d8,intermediate,branching-depth-safe,quick,True,True,True,True,7,2134,304,305,17,1,30,3,NA,NA,NA,NA,NA,4,Depth sweep with fixed branching width: all nondeterministic intermediate states are safe.,depth,8,1,2,True,True,True,8,8,True,NA,0.164220,0.163954,0.164474
intermediate-branching-depth-unsafe-d4,intermediate,branching-depth-unsafe,quick,False,False,True,True,7,22175,3130,3208,9,1,14,3,NA,NA,NA,NA,NA,4,Depth sweep with fixed branching width: one nondeterministic branch reaches an unsafe intermediate state.,depth,4,1,2,True,True,False,NA,NA,NA,NA,0.015855,0.015589,0.015975
intermediate-branching-depth-unsafe-d6,intermediate,branching-depth-unsafe,quick,False,False,True,True,7,10059,1431,1441,13,1,22,3,NA,NA,NA,NA,NA,4,Depth sweep with fixed branching width: one nondeterministic branch reaches an unsafe intermediate state.,depth,6,1,2,True,True,False,NA,NA,NA,NA,0.034817,0.034716,0.034948
intermediate-branching-depth-unsafe-d8,intermediate,branching-depth-unsafe,quick,False,False,True,True,7,5526,787,791,17,1,30,3,NA,NA,NA,NA,NA,4,Depth sweep with fixed branching width: one nondeterministic branch reaches an unsafe intermediate state.,depth,8,1,2,True,True,False,NA,NA,NA,NA,0.063344,0.063259,0.063583
intermediate-branching-width-safe-w2,intermediate,branching-width-safe,quick,True,True,True,True,7,2123,300,305,17,1,30,3,NA,NA,NA,NA,NA,4,Width sweep with fixed depth: all nondeterministic branches maintain the intermediate constraint.,width,2,1,2,True,True,True,8,8,True,NA,0.164530,0.164180,0.167023
intermediate-branching-width-safe-w3,intermediate,branching-width-safe,quick,True,True,True,True,7,161,23,23,25,1,66,3,NA,NA,NA,NA,NA,4,Width sweep with fixed depth: all nondeterministic branches maintain the intermediate constraint.,width,3,1,3,True,True,True,8,8,True,NA,2.192957,2.188652,2.241304
intermediate-branching-width-unsafe-w2,intermediate,branching-width-unsafe,quick,False,False,True,True,7,5508,771,794,17,1,30,3,NA,NA,NA,NA,NA,4,Width sweep with fixed depth: increasing width includes an unsafe branch.,width,2,1,2,True,True,False,NA,NA,NA,NA,0.063431,0.063015,0.064851
intermediate-branching-width-unsafe-w3,intermediate,branching-width-unsafe,quick,False,False,True,True,7,1797,252,259,25,1,66,3,NA,NA,NA,NA,NA,4,Width sweep with fixed depth: increasing width includes an unsafe branch.,width,3,1,3,True,True,False,NA,NA,NA,NA,0.193930,0.193610,0.198944
intermediate-multistart-all-good-w2,intermediate,multi-start-all-good,quick,True,True,True,True,7,1355,192,194,34,1,32,3,NA,NA,NA,NA,NA,4,Precondition sweep: the same safe plan works from every precondition state.,pre_states,2,2,2,True,True,True,16,16,True,NA,0.258938,0.258309,0.261635
intermediate-multistart-all-good-w4,intermediate,multi-start-all-good,quick,True,True,True,True,7,269,38,39,68,1,64,3,NA,NA,NA,NA,NA,4,Precondition sweep: the same safe plan works from every precondition state.,pre_states,4,4,4,True,True,True,16,16,True,NA,1.316816,1.309949,1.336579
intermediate-multistart-all-good-w8,intermediate,multi-start-all-good,quick,True,True,True,True,7,40,5,6,136,1,128,3,NA,NA,NA,NA,NA,4,Precondition sweep: the same safe plan works from every precondition state.,pre_states,8,8,8,True,True,True,16,16,True,NA,9.209333,8.828667,11.852800
intermediate-multistart-one-unsafe-w2,intermediate,multi-start-one-unsafe,quick,False,False,True,True,7,1578,223,228,34,1,32,3,NA,NA,NA,NA,NA,4,Precondition sweep: one precondition state is forced through an unsafe intermediate state.,pre_states,2,2,2,True,True,False,NA,NA,NA,NA,0.222159,0.219373,0.224251
intermediate-multistart-one-unsafe-w4,intermediate,multi-start-one-unsafe,quick,False,False,True,True,7,286,40,41,68,1,64,3,NA,NA,NA,NA,NA,4,Precondition sweep: one precondition state is forced through an unsafe intermediate state.,pre_states,4,4,4,True,True,False,NA,NA,NA,NA,1.233976,1.229829,1.260200
intermediate-multistart-one-unsafe-w8,intermediate,multi-start-one-unsafe,quick,False,False,True,True,7,42,6,6,136,1,128,3,NA,NA,NA,NA,NA,4,Precondition sweep: one precondition state is forced through an unsafe intermediate state.,pre_states,8,8,8,True,True,False,NA,NA,NA,NA,8.792167,8.659167,8.868000
intermediate-action-count-safe-last-k2,intermediate,action-count-safe-last,quick,True,True,True,True,7,1167,165,167,25,2,50,3,NA,NA,NA,NA,NA,4,Action-count sweep with fixed path length: only the last action maintains the intermediate constraint and reaches the goal.,actions,2,1,1,True,True,True,23,23,True,NA,0.299922,0.299449,0.303133
intermediate-action-count-safe-last-k4,intermediate,action-count-safe-last,quick,True,True,True,True,7,624,88,90,25,4,100,3,NA,NA,NA,NA,NA,4,Action-count sweep with fixed path length: only the last action maintains the intermediate constraint and reaches the goal.,actions,4,1,1,True,True,True,23,23,True,NA,0.562011,0.559433,0.573205
intermediate-action-count-safe-last-k8,intermediate,action-count-safe-last,quick,True,True,True,True,7,319,45,46,25,8,200,3,NA,NA,NA,NA,NA,4,Action-count sweep with fixed path length: only the last action maintains the intermediate constraint and reaches the goal.,actions,8,1,1,True,True,True,23,23,True,NA,1.107391,1.099370,1.129778
intermediate-action-count-no-safe-k2,intermediate,action-count-no-safe,quick,False,False,True,True,7,8450,1183,1216,25,2,50,3,NA,NA,NA,NA,NA,4,Action-count sweep with fixed path length: every action either reaches a trap or violates the intermediate constraint.,actions,2,1,1,False,False,False,NA,NA,NA,NA,0.041277,0.041141,0.042297
intermediate-action-count-no-safe-k4,intermediate,action-count-no-safe,quick,False,False,True,True,7,4465,626,641,25,4,100,3,NA,NA,NA,NA,NA,4,Action-count sweep with fixed path length: every action either reaches a trap or violates the intermediate constraint.,actions,4,1,1,False,False,False,NA,NA,NA,NA,0.078145,0.078059,0.079898
intermediate-action-count-no-safe-k8,intermediate,action-count-no-safe,quick,False,False,True,True,7,2252,321,323,25,8,200,3,NA,NA,NA,NA,NA,4,Action-count sweep with fixed path length: every action either reaches a trap or violates the intermediate constraint.,actions,8,1,1,False,False,False,NA,NA,NA,NA,0.155559,0.155272,0.156156
intermediate-path-length-safe-last-n8,intermediate,path-length-safe-last,quick,True,True,True,True,7,5439,772,781,9,4,36,3,NA,NA,NA,NA,NA,4,Path-length sweep with fixed action count: the safe action must be repeated until the goal is reached.,path_length,7,1,1,True,True,True,7,7,True,NA,0.064384,0.064092,0.064825
intermediate-path-length-safe-last-n16,intermediate,path-length-safe-last,quick,True,True,True,True,7,1484,211,213,17,4,68,3,NA,NA,NA,NA,NA,4,Path-length sweep with fixed action count: the safe action must be repeated until the goal is reached.,path_length,15,1,1,True,True,True,15,15,True,NA,0.236052,0.235460,0.237858
intermediate-path-length-safe-last-n24,intermediate,path-length-safe-last,quick,True,True,True,True,7,630,90,90,25,4,100,3,NA,NA,NA,NA,NA,4,Path-length sweep with fixed action count: the safe action must be repeated until the goal is reached.,path_length,23,1,1,True,True,True,23,23,True,NA,0.558633,0.558067,0.559689
intermediate-path-length-unsafe-n8,intermediate,path-length-unsafe,quick,False,False,True,True,7,6966,992,998,8,4,28,3,NA,NA,NA,NA,NA,4,Path-length sweep with fixed action count: the available route has an unsafe strict intermediate state.,path_length,7,1,1,True,True,False,NA,NA,NA,NA,0.050264,0.050121,0.050453
intermediate-path-length-unsafe-n16,intermediate,path-length-unsafe,quick,False,False,True,True,7,1837,262,263,16,4,60,3,NA,NA,NA,NA,NA,4,Path-length sweep with fixed action count: the available route has an unsafe strict intermediate state.,path_length,15,1,1,True,True,False,NA,NA,NA,NA,0.190935,0.190669,0.191134
intermediate-path-length-unsafe-n24,intermediate,path-length-unsafe,quick,False,False,True,True,7,763,109,109,24,4,92,3,NA,NA,NA,NA,NA,4,Path-length sweep with fixed action count: the available route has an unsafe strict intermediate state.,path_length,23,1,1,True,True,False,NA,NA,NA,NA,0.459853,0.459101,0.460982
intermediate-formula-depth-positive-32,intermediate,formula-depth-positive,quick,True,True,True,True,7,216,30,31,64,1,63,3,NA,NA,NA,NA,NA,196,Formula-size sweep with fixed model and fixed witness length.,formula_depth,32,1,1,True,True,True,63,63,True,NA,1.652581,1.643194,1.671533
intermediate-formula-depth-positive-64,intermediate,formula-depth-positive,quick,True,True,True,True,7,210,30,30,64,1,63,3,NA,NA,NA,NA,NA,388,Formula-size sweep with fixed model and fixed witness length.,formula_depth,64,1,1,True,True,True,63,63,True,NA,1.681733,1.672933,1.693233
intermediate-formula-depth-positive-128,intermediate,formula-depth-positive,quick,True,True,True,True,7,203,29,29,64,1,63,3,NA,NA,NA,NA,NA,772,Formula-size sweep with fixed model and fixed witness length.,formula_depth,128,1,1,True,True,True,63,63,True,NA,1.732586,1.727000,1.748000
regular-manual-empty-plan,regular,manual-empty-plan,quick,True,True,True,True,7,215522,30737,30832,2,0,0,2,1,1,1,0,NA,3,Semantic corner case: the empty plan is available and the start state already satisfies the goal.,semantic-case,empty-plan,1,1,True,True,True,1,1,True,NA,0.001623,0.001622,0.001627
regular-manual-vacuous-precondition,regular,manual-vacuous-precondition,quick,True,True,True,True,7,331872,46810,47673,2,0,0,2,1,1,1,0,NA,3,"Semantic corner case: the precondition is false everywhere, so any available plan class satisfies the requirement.",semantic-case,vacuous-precondition,0,1,NA,NA,True,1,1,True,NA,0.001052,0.001049,0.001068
regular-manual-single-good-class,regular,manual-single-good-class,quick,True,True,True,True,7,109002,15373,15688,2,1,2,2,1,1,2,1,NA,3,"The agent has one available regular plan class, and it guarantees reaching the goal.",semantic-case,single-good-class,1,1,True,True,True,2,2,True,NA,0.003198,0.003187,0.003252
regular-manual-good-bad-class,regular,manual-good-bad-class,quick,False,False,True,True,7,70348,9965,10116,3,2,6,2,1,1,2,2,NA,3,The agent cannot distinguish a good one-step plan from a bad one-step plan in the same automaton class.,semantic-case,good-bad-class,1,1,True,True,False,NA,NA,NA,NA,0.004968,0.004943,0.005018
regular-manual-not-strongly-executable,regular,manual-not-strongly-executable,quick,False,False,True,True,7,245470,34913,35213,2,1,1,2,1,1,2,1,NA,3,"The automaton expects an action that is not executable from the precondition state, so strong executability fails.",semantic-case,not-strongly-executable,1,1,True,True,False,NA,NA,NA,NA,0.001426,0.001420,0.001432
regular-manual-unaware-good-action,regular,manual-unaware-good-action,quick,False,False,True,True,7,102042,13871,14804,3,2,6,2,1,1,2,1,NA,3,"The environment has a good action, but the agent's available automata do not include it.",semantic-case,unaware-good-action,1,1,True,True,False,NA,NA,NA,NA,0.003403,0.003378,0.003605
regular-manual-trim-baseline-positive,regular,manual-trim-regression,quick,True,True,True,True,7,110138,15555,15824,2,1,2,2,1,1,2,1,NA,3,Trim regression baseline: the trim automaton accepts the good one-step plan.,semantic-case,trim-baseline,1,1,True,True,True,2,2,True,NA,0.003171,0.003160,0.003214
regular-manual-nontrim-garbage-branch-positive,regular,manual-trim-regression,quick,True,True,True,True,7,77563,11021,11106,2,1,2,2,1,1,3,3,NA,3,Trim regression: a reachable non-productive garbage branch must not change the accepted language.,semantic-case,nontrim-garbage-branch,1,1,True,True,True,2,2,True,NA,0.004507,0.004502,0.004537
regular-manual-agent-one-knows,regular,manual-agent-difference,quick,True,True,True,True,7,71669,10141,10319,3,2,6,2,2,2,4,2,NA,3,"In the same model, agent 1 has a good plan class.",semantic-case,agent-one,1,1,True,True,True,2,2,True,NA,0.004889,0.004846,0.004930
regular-manual-agent-two-fails,regular,manual-agent-difference,quick,False,False,True,True,7,106827,14503,15436,3,2,6,2,2,2,4,2,NA,3,"In the same model, agent 2 only has a risky plan class.",semantic-case,agent-two,1,1,True,True,False,NA,NA,NA,NA,0.003255,0.003239,0.003448
regular-baking-good-method-positive,regular,baking-good-method,quick,True,True,True,True,7,106732,15123,15365,2,1,2,2,1,1,2,1,NA,3,"Baking case study: the agent can identify the adequate method, represented by a singleton good plan class.",case-study,good-method,1,1,True,True,True,2,2,True,NA,0.003266,0.003254,0.003306
regular-baking-confused-methods-negative,regular,baking-confused-methods,quick,False,False,True,True,7,71236,10108,10212,3,2,6,2,1,1,2,2,NA,3,Baking case study: the agent confuses an adequate method with a bad method in the same plan class.,case-study,confused-methods,1,1,True,True,False,NA,NA,NA,NA,0.004912,0.004896,0.004947
regular-robot-aware-safe-positive,regular,robot-aware-safe,quick,True,True,True,True,7,17028,2405,2459,5,2,13,2,1,1,4,3,NA,3,Robot case study: the agent is aware of a safe action class that guarantees reaching the goal.,case-study,aware-safe,1,1,True,True,True,4,4,True,NA,0.020566,0.020341,0.020790
regular-robot-unaware-safe-negative,regular,robot-unaware-safe,quick,False,False,True,True,7,17593,2501,2523,5,2,13,2,1,1,4,3,NA,3,"Robot case study: the safe action exists in the LTS, but the agent is only aware of risky behaviour.",case-study,unaware-safe,1,1,True,True,False,NA,NA,NA,NA,0.019862,0.019821,0.019992
regular-rescue-aware-route-positive,regular,rescue-regular,quick,True,True,True,True,7,9377,1335,1344,5,5,25,2,1,1,4,3,NA,3,Autonomous rescue case study: the agent is aware of a regular plan class containing exactly the safe rescue route.,case-study,aware-safe-rescue-route,1,1,True,True,True,4,4,True,NA,0.037368,0.037222,0.037454
regular-rescue-confused-routes-negative,regular,rescue-regular,quick,False,False,True,True,7,7129,1005,1026,5,5,25,2,1,1,4,5,NA,3,"Autonomous rescue case study: a safe rescue route exists, but the agent confuses it with hazardous routes in the same regular plan class.",case-study,confused-rescue-routes,1,1,True,True,False,NA,NA,NA,NA,0.049105,0.048752,0.049791
regular-rescue-unaware-safe-route-negative,regular,rescue-regular,quick,False,False,True,True,7,8274,1163,1189,5,5,25,2,1,2,8,6,NA,3,"Autonomous rescue case study: the safe rescue route exists in the building, but it is absent from the agent's available regular plan classes.",case-study,unaware-safe-rescue-route,1,1,True,True,False,NA,NA,NA,NA,0.042205,0.042065,0.043003
regular-rescue-alternative-safe-routes-positive,regular,rescue-regular,quick,True,True,True,True,7,3564,504,512,6,6,36,2,1,1,5,5,NA,3,"Autonomous rescue case study: the agent has a regular plan class containing two alternative rescue routes, and both routes are safe.",case-study,alternative-safe-rescue-routes,1,1,True,True,True,5,5,True,NA,0.098039,0.097691,0.099383
regular-line-positive-8,regular,line-positive,quick,True,True,True,True,7,4410,623,637,8,1,7,2,1,1,8,7,NA,3,Regular positive baseline: the witness automaton accepts the unique line plan.,states,8,1,1,True,True,True,8,8,True,NA,0.079626,0.078554,0.080374
regular-line-positive-16,regular,line-positive,quick,True,True,True,True,7,728,104,104,16,1,15,2,1,1,16,15,NA,3,Regular positive baseline: the witness automaton accepts the unique line plan.,states,16,1,1,True,True,True,16,16,True,NA,0.481125,0.480894,0.483154
regular-line-positive-32,regular,line-positive,quick,True,True,True,True,7,99,14,15,32,1,31,2,1,1,32,31,NA,3,Regular positive baseline: the witness automaton accepts the unique line plan.,states,32,1,1,True,True,True,32,32,True,NA,3.609571,3.575000,3.740214
regular-line-broken-negative-8,regular,line-broken-negative,quick,False,False,True,True,7,8049,1145,1154,8,1,7,2,1,1,8,7,NA,3,Regular negative baseline: the automaton accepts a line plan that stops before the goal.,states,8,1,1,False,False,False,NA,NA,NA,NA,0.043513,0.043341,0.043701
regular-line-broken-negative-16,regular,line-broken-negative,quick,False,False,True,True,7,1343,190,193,16,1,15,2,1,1,16,15,NA,3,Regular negative baseline: the automaton accepts a line plan that stops before the goal.,states,16,1,1,False,False,False,NA,NA,NA,NA,0.260885,0.260000,0.263484
regular-line-broken-negative-32,regular,line-broken-negative,quick,False,False,True,True,7,189,27,27,32,1,31,2,1,1,32,31,NA,3,Regular negative baseline: the automaton accepts a line plan that stops before the goal.,states,32,1,1,False,False,False,NA,NA,NA,NA,1.903148,1.893778,1.914630
regular-automaton-only-size-positive-32,regular,automaton-only-size-positive,quick,True,True,True,True,7,99,14,15,32,1,31,2,1,1,32,31,NA,3,Automaton-only sweep: the LTS is fixed while the automaton contains additional unreachable states.,automaton_states,32,1,1,True,True,True,32,32,True,NA,3.589214,3.571643,3.613000
regular-automaton-only-size-positive-48,regular,automaton-only-size-positive,quick,True,True,True,True,7,100,14,15,32,1,31,2,1,1,48,31,NA,3,Automaton-only sweep: the LTS is fixed while the automaton contains additional unreachable states.,automaton_states,48,1,1,True,True,True,32,32,True,NA,3.609429,3.567067,3.652143
regular-automaton-only-size-positive-64,regular,automaton-only-size-positive,quick,True,True,True,True,7,98,14,14,32,1,31,2,1,1,64,31,NA,3,Automaton-only sweep: the LTS is fixed while the automaton contains additional unreachable states.,automaton_states,64,1,1,True,True,True,32,32,True,NA,3.618857,3.584786,3.702571
regular-automaton-only-size-negative-32,regular,automaton-only-size-negative,quick,False,False,True,True,7,126,18,18,33,2,63,2,1,1,32,31,NA,3,"Automaton-only negative sweep: the LTS has a safe path, but the agent's automaton accepts only the risky action.",automaton_states,32,1,1,True,True,False,NA,NA,NA,NA,2.834333,2.787722,2.876056
regular-automaton-only-size-negative-48,regular,automaton-only-size-negative,quick,False,False,True,True,7,126,18,18,33,2,63,2,1,1,48,31,NA,3,"Automaton-only negative sweep: the LTS has a safe path, but the agent's automaton accepts only the risky action.",automaton_states,48,1,1,True,True,False,NA,NA,NA,NA,2.794444,2.781167,2.810944
regular-automaton-only-size-negative-64,regular,automaton-only-size-negative,quick,False,False,True,True,7,126,18,18,33,2,63,2,1,1,64,31,NA,3,"Automaton-only negative sweep: the LTS has a safe path, but the agent's automaton accepts only the risky action.",automaton_states,64,1,1,True,True,False,NA,NA,NA,NA,2.807389,2.787444,2.819333
regular-class-count-good-last-2,regular,class-count-good-last,quick,True,True,True,True,7,49391,6972,7153,3,2,6,2,1,2,4,2,NA,3,"Plan-class-count sweep: many bad singleton classes are available, but the last class is good.",automata,2,1,1,True,True,True,2,2,True,NA,0.007087,0.006991,0.007172
regular-class-count-good-last-4,regular,class-count-good-last,quick,True,True,True,True,7,26866,3811,3880,3,4,12,2,1,4,8,4,NA,3,"Plan-class-count sweep: many bad singleton classes are available, but the last class is good.",automata,4,1,1,True,True,True,2,2,True,NA,0.013073,0.012889,0.013123
regular-class-count-good-last-8,regular,class-count-good-last,quick,True,True,True,True,7,11366,1618,1633,3,8,24,2,1,8,16,8,NA,3,"Plan-class-count sweep: many bad singleton classes are available, but the last class is good.",automata,8,1,1,True,True,True,2,2,True,NA,0.030803,0.030627,0.030919
regular-class-count-no-good-2,regular,class-count-no-good,quick,False,False,True,True,7,63439,6603,9972,3,2,6,2,1,2,4,2,NA,3,Plan-class-count sweep: all available singleton classes lead to a trap.,automata,2,1,1,False,False,False,NA,NA,NA,NA,0.005294,0.005014,0.007572
regular-class-count-no-good-4,regular,class-count-no-good,quick,False,False,True,True,7,33557,4727,4839,3,4,12,2,1,4,8,4,NA,3,Plan-class-count sweep: all available singleton classes lead to a trap.,automata,4,1,1,False,False,False,NA,NA,NA,NA,0.010432,0.010333,0.010579
regular-class-count-no-good-8,regular,class-count-no-good,quick,False,False,True,True,7,13041,1855,1868,3,8,24,2,1,8,16,8,NA,3,Plan-class-count sweep: all available singleton classes lead to a trap.,automata,8,1,1,False,False,False,NA,NA,NA,NA,0.026836,0.026768,0.026961
regular-all-good-mixed-class-positive-2,regular,all-good-mixed-class-positive,quick,True,True,True,True,7,67629,9566,9764,2,2,4,2,1,1,2,2,NA,3,"Plan-class-size positive sweep: one automaton class contains several distinct actions, all of which guarantee the goal.",class_size,2,1,1,True,True,True,2,2,True,NA,0.005186,0.005121,0.005227
regular-all-good-mixed-class-positive-4,regular,all-good-mixed-class-positive,quick,True,True,True,True,7,34329,4869,4947,2,4,8,2,1,1,2,4,NA,3,"Plan-class-size positive sweep: one automaton class contains several distinct actions, all of which guarantee the goal.",class_size,4,1,1,True,True,True,2,2,True,NA,0.010195,0.010107,0.010271
regular-all-good-mixed-class-positive-8,regular,all-good-mixed-class-positive,quick,True,True,True,True,7,13247,1852,1927,2,8,16,2,1,1,2,8,NA,3,"Plan-class-size positive sweep: one automaton class contains several distinct actions, all of which guarantee the goal.",class_size,8,1,1,True,True,True,2,2,True,NA,0.026391,0.025949,0.027002
regular-mixed-class-negative-2,regular,mixed-class-negative,quick,False,False,True,True,7,74023,10346,10671,3,2,6,2,1,1,2,2,NA,3,Plan-class-size negative sweep: one automaton class contains one good action and several bad actions.,class_size,2,1,1,True,True,False,NA,NA,NA,NA,0.004704,0.004686,0.004833
regular-mixed-class-negative-4,regular,mixed-class-negative,quick,False,False,True,True,7,38698,5488,5555,3,4,12,2,1,1,2,4,NA,3,Plan-class-size negative sweep: one automaton class contains one good action and several bad actions.,class_size,4,1,1,True,True,False,NA,NA,NA,NA,0.009017,0.009002,0.009111
regular-mixed-class-negative-8,regular,mixed-class-negative,quick,False,False,True,True,7,15539,2158,2239,3,8,24,2,1,1,2,8,NA,3,Plan-class-size negative sweep: one automaton class contains one good action and several bad actions.,class_size,8,1,1,True,True,False,NA,NA,NA,NA,0.022420,0.022340,0.023172
regular-language-width-positive-w2,regular,regular-language-width-positive,quick,True,True,True,True,7,1421,203,203,9,2,16,2,1,1,9,16,NA,3,"Regular-language width sweep: one automaton accepts many length-d plans, and every accepted plan reaches the goal.",width,2,1,1,True,True,True,9,9,True,NA,0.246818,0.246478,0.247241
regular-language-width-positive-w3,regular,regular-language-width-positive,quick,True,True,True,True,7,770,110,110,9,3,24,2,1,1,9,24,NA,3,"Regular-language width sweep: one automaton accepts many length-d plans, and every accepted plan reaches the goal.",width,3,1,1,True,True,True,9,9,True,NA,0.456245,0.456000,0.457945
regular-language-width-positive-w4,regular,regular-language-width-positive,quick,True,True,True,True,7,474,66,69,9,4,32,2,1,1,9,32,NA,3,"Regular-language width sweep: one automaton accepts many length-d plans, and every accepted plan reaches the goal.",width,4,1,1,True,True,True,9,9,True,NA,0.736250,0.728565,0.759970
regular-language-width-negative-w2,regular,regular-language-width-negative,quick,False,False,True,True,7,1484,210,213,10,2,18,2,1,1,9,16,NA,3,"Regular-language width sweep: one automaton accepts many length-d plans, but one accepted action can enter a trap.",width,2,1,1,True,True,False,NA,NA,NA,NA,0.236047,0.234878,0.238795
regular-language-width-negative-w3,regular,regular-language-width-negative,quick,False,False,True,True,7,807,109,118,10,3,27,2,1,1,9,24,NA,3,"Regular-language width sweep: one automaton accepts many length-d plans, but one accepted action can enter a trap.",width,3,1,1,True,True,False,NA,NA,NA,NA,0.434852,0.426653,0.459963
regular-language-width-negative-w4,regular,regular-language-width-negative,quick,False,False,True,True,7,499,62,76,10,4,36,2,1,1,9,32,NA,3,"Regular-language width sweep: one automaton accepts many length-d plans, but one accepted action can enter a trap.",width,4,1,1,True,True,False,NA,NA,NA,NA,0.696667,0.666724,0.809242
regular-language-depth-positive-d4,regular,regular-language-depth-positive,quick,True,True,True,True,7,3700,522,535,5,3,12,2,1,1,5,12,NA,3,Regular-language depth sweep: branching width is fixed while accepted plan length increases.,depth,4,1,1,True,True,True,5,5,True,NA,0.094426,0.093514,0.095812
regular-language-depth-positive-d6,regular,regular-language-depth-positive,quick,True,True,True,True,7,1379,185,210,7,3,18,2,1,1,7,18,NA,3,Regular-language depth sweep: branching width is fixed while accepted plan length increases.,depth,6,1,1,True,True,True,7,7,True,NA,0.252970,0.238419,0.270843
regular-language-depth-positive-d8,regular,regular-language-depth-positive,quick,True,True,True,True,7,714,100,106,9,3,24,2,1,1,9,24,NA,3,Regular-language depth sweep: branching width is fixed while accepted plan length increases.,depth,8,1,1,True,True,True,9,9,True,NA,0.495663,0.472057,0.500010
regular-language-depth-negative-d4,regular,regular-language-depth-negative,quick,False,False,True,True,7,3808,526,556,6,3,15,2,1,1,5,12,NA,3,"Regular-language depth sweep: branching width is fixed, but one accepted branch can enter a trap.",depth,4,1,1,True,True,False,NA,NA,NA,NA,0.092007,0.089946,0.095118
regular-language-depth-negative-d6,regular,regular-language-depth-negative,quick,False,False,True,True,7,1591,224,229,8,3,21,2,1,1,7,18,NA,3,"Regular-language depth sweep: branching width is fixed, but one accepted branch can enter a trap.",depth,6,1,1,True,True,False,NA,NA,NA,NA,0.220132,0.218703,0.223647
regular-language-depth-negative-d8,regular,regular-language-depth-negative,quick,False,False,True,True,7,816,116,117,10,3,27,2,1,1,9,24,NA,3,"Regular-language depth sweep: branching width is fixed, but one accepted branch can enter a trap.",depth,8,1,1,True,True,False,NA,NA,NA,NA,0.430752,0.427744,0.432397
regular-awareness-positive-8,regular,awareness-positive,quick,True,True,True,True,7,4449,630,640,8,1,7,2,1,1,8,7,NA,3,Awareness sweep: the safe action is present in the agent's automaton.,path_length,7,1,1,True,True,True,8,8,True,NA,0.078920,0.078175,0.079451
regular-awareness-positive-16,regular,awareness-positive,quick,True,True,True,True,7,727,103,105,16,1,15,2,1,1,16,15,NA,3,Awareness sweep: the safe action is present in the agent's automaton.,path_length,15,1,1,True,True,True,16,16,True,NA,0.483471,0.478457,0.489136
regular-awareness-positive-32,regular,awareness-positive,quick,True,True,True,True,7,100,14,15,32,1,31,2,1,1,32,31,NA,3,Awareness sweep: the safe action is present in the agent's automaton.,path_length,31,1,1,True,True,True,32,32,True,NA,3.603714,3.564467,3.652214
regular-basic-capable-unaware-negative-8,regular,basic-capable-unaware-negative,quick,False,False,True,True,7,5360,763,769,9,2,15,2,1,1,8,7,NA,3,"Basic-capable but unaware: the safe plan exists in the LTS, but it is absent from the queried agent's available plan classes.",path_length,7,1,1,True,True,False,NA,NA,NA,NA,0.065350,0.065072,0.065577
regular-basic-capable-unaware-negative-16,regular,basic-capable-unaware-negative,quick,False,False,True,True,7,906,128,130,17,2,31,2,1,1,16,15,NA,3,"Basic-capable but unaware: the safe plan exists in the LTS, but it is absent from the queried agent's available plan classes.",path_length,15,1,1,True,True,False,NA,NA,NA,NA,0.387092,0.385431,0.391406
regular-basic-capable-unaware-negative-32,regular,basic-capable-unaware-negative,quick,False,False,True,True,7,132,18,19,33,2,63,2,1,1,32,31,NA,3,"Basic-capable but unaware: the safe plan exists in the LTS, but it is absent from the queried agent's available plan classes.",path_length,31,1,1,True,True,False,NA,NA,NA,NA,2.760211,2.748632,2.783000
regular-multi-agent-one-knows-2,regular,multi-agent-one-knows,quick,True,True,True,True,7,71933,10160,10356,3,2,6,2,2,2,4,2,NA,3,Multi-agent semantic sweep: the queried agent has a good plan class.,agents,2,1,1,True,True,True,2,2,True,NA,0.004854,0.004828,0.004921
regular-multi-agent-one-knows-3,regular,multi-agent-one-knows,quick,True,True,True,True,7,71828,10092,10361,3,2,6,2,3,3,6,3,NA,3,Multi-agent semantic sweep: the queried agent has a good plan class.,agents,3,1,1,True,True,True,2,2,True,NA,0.004846,0.004826,0.004955
regular-multi-agent-one-knows-4,regular,multi-agent-one-knows,quick,True,True,True,True,7,72154,10261,10356,3,2,6,2,4,4,8,4,NA,3,Multi-agent semantic sweep: the queried agent has a good plan class.,agents,4,1,1,True,True,True,2,2,True,NA,0.004846,0.004828,0.004873
regular-multi-agent-last-fails-2,regular,multi-agent-last-fails,quick,False,False,True,True,7,106241,15101,15196,3,2,6,2,2,2,4,2,NA,3,Multi-agent semantic sweep: the queried last agent only has a bad plan class.,agents,2,1,1,True,True,False,NA,NA,NA,NA,0.003292,0.003290,0.003311
regular-multi-agent-last-fails-3,regular,multi-agent-last-fails,quick,False,False,True,True,7,105679,14927,15183,3,2,6,2,3,3,6,3,NA,3,Multi-agent semantic sweep: the queried last agent only has a bad plan class.,agents,3,1,1,True,True,False,NA,NA,NA,NA,0.003302,0.003293,0.003350
regular-multi-agent-last-fails-4,regular,multi-agent-last-fails,quick,False,False,True,True,7,105843,15083,15147,3,2,6,2,4,4,8,4,NA,3,Multi-agent semantic sweep: the queried last agent only has a bad plan class.,agents,4,1,1,True,True,False,NA,NA,NA,NA,0.003306,0.003301,0.003315
regular-formula-depth-positive-32,regular,formula-depth-positive,quick,True,True,True,True,7,84,12,12,32,1,31,2,1,1,32,31,NA,387,Formula-size sweep with fixed model and fixed witness automaton.,formula_depth,32,1,1,True,True,True,32,32,True,NA,4.473833,4.445250,4.485667
regular-formula-depth-positive-64,regular,formula-depth-positive,quick,True,True,True,True,7,70,10,10,32,1,31,2,1,1,32,31,NA,771,Formula-size sweep with fixed model and fixed witness automaton.,formula_depth,64,1,1,True,True,True,32,32,True,NA,5.368100,5.339300,5.450200
regular-formula-depth-positive-128,regular,formula-depth-positive,quick,True,True,True,True,7,49,7,7,32,1,31,2,1,1,32,31,NA,1539,Formula-size sweep with fixed model and fixed witness automaton.,formula_depth,128,1,1,True,True,True,32,32,True,NA,7.167286,7.145714,7.218571
budget-manual-empty-plan,budget,manual-empty-plan,quick,True,True,True,True,7,147050,20559,21183,2,0,0,2,1,1,1,0,1,3,Semantic corner case: the empty plan is available and consumes no budget.,semantic-case,empty-plan,1,1,True,True,True,1,1,True,True,0.002365,0.002360,0.002432
budget-manual-vacuous-precondition,budget,manual-vacuous-precondition,quick,True,True,True,True,7,313327,44479,45135,2,0,0,2,1,1,1,0,1,3,"Semantic corner case: the precondition is false everywhere, so the budget condition is vacuous.",semantic-case,vacuous-precondition,0,1,NA,NA,True,1,1,True,True,0.001118,0.001108,0.001124
budget-manual-within-budget,budget,manual-within-budget,quick,True,True,True,True,7,22157,3152,3174,3,1,2,2,1,1,3,2,1,3,A two-step plan reaches the goal and exactly fits the available budget.,semantic-case,within-budget,1,1,True,True,True,3,3,True,True,0.015781,0.015754,0.015864
budget-manual-over-budget,budget,manual-over-budget,quick,False,False,True,True,7,31520,4420,4536,3,1,2,2,1,1,3,2,1,3,"The same two-step plan is available and reaches the goal, but it exceeds the budget.",semantic-case,over-budget,1,1,True,True,False,NA,NA,NA,True,0.011090,0.011023,0.011314
budget-manual-unaware-cheap-action,budget,manual-unaware-cheap-action,quick,False,False,True,True,7,64471,9172,9234,3,2,6,2,1,1,2,1,1,3,"A cheap safe action exists in the LTS, but the agent's only available class uses an expensive action.",semantic-case,unaware-cheap-action,1,1,True,True,False,NA,NA,NA,True,0.005425,0.005415,0.005451
budget-vector-manual-within-budget,budget,vector-manual-within-budget,quick,True,True,True,True,7,16573,2356,2381,3,1,2,2,1,1,3,2,2,3,Vector-budget corner case: the plan fits both resource dimensions.,semantic-case,vector-within-budget,1,1,True,True,True,3,3,True,True,0.021094,0.021004,0.021230
budget-vector-manual-first-dim-failure,budget,vector-manual-first-dim-failure,quick,False,False,True,True,7,31460,4438,4521,3,1,2,2,1,1,3,2,2,3,Vector-budget corner case: the plan violates the first resource dimension.,semantic-case,vector-first-dim-failure,1,1,True,True,False,NA,NA,NA,True,0.011108,0.011060,0.011267
budget-vector-manual-second-dim-failure,budget,vector-manual-second-dim-failure,quick,False,False,True,True,7,24094,3373,3460,3,1,2,2,1,1,3,2,2,3,Vector-budget corner case: the plan violates the second resource dimension.,semantic-case,vector-second-dim-failure,1,1,True,True,False,NA,NA,NA,True,0.014482,0.014452,0.014827
budget-delivery-cheap-route-positive,budget,delivery-cheap-route,quick,True,True,True,True,7,9226,1092,1402,4,1,3,2,1,1,4,3,1,3,Delivery case study: a cheap route reaches the destination within the available budget.,case-study,cheap-route,1,1,True,True,True,4,4,True,True,0.036709,0.035664,0.045797
budget-delivery-expensive-only-negative,budget,delivery-expensive-only,quick,False,False,True,True,7,11601,1255,1835,4,2,6,2,1,1,4,3,1,3,"Delivery case study: the destination is reachable, but the agent is only aware of an over-budget route.",case-study,expensive-only,1,1,True,True,False,NA,NA,NA,True,0.029717,0.027258,0.039857
budget-manual-trim-baseline-positive,budget,manual-trim-regression,quick,True,True,True,True,7,50824,6880,7555,2,1,2,2,1,1,2,1,1,3,Trim regression baseline: the trim automaton accepts the cheap one-step plan within budget.,semantic-case,trim-baseline,1,1,True,True,True,2,2,True,True,0.006870,0.006619,0.007268
budget-manual-nontrim-garbage-branch-positive,budget,manual-trim-regression,quick,True,True,True,True,7,35824,4566,5522,2,1,2,2,1,1,3,3,1,3,Trim regression: a reachable non-productive garbage branch must not change the accepted budget-feasible language.,semantic-case,nontrim-garbage-branch,1,1,True,True,True,2,2,True,True,0.009626,0.009056,0.010953
budget-robot-time-energy-positive,budget,robot-time-energy-positive,quick,True,True,True,True,7,6806,967,978,4,1,3,2,1,1,4,3,2,3,Robot case study: the route fits both time and energy budgets.,case-study,time-energy-positive,1,1,True,True,True,4,4,True,True,0.051518,0.051165,0.051715
budget-robot-time-energy-negative,budget,robot-time-energy-negative,quick,False,False,True,True,7,10132,1436,1484,4,1,3,2,1,1,4,3,2,3,Robot case study: the route is reachable but exceeds the energy budget.,case-study,time-energy-negative,1,1,True,True,False,NA,NA,NA,True,0.034793,0.033695,0.034839
budget-rescue-time-energy-positive,budget,rescue-budget,quick,True,True,True,True,7,3149,445,459,5,4,20,2,1,1,4,3,2,3,Autonomous rescue case study: the rescue plan reaches the survivor and fits both the time and energy budgets.,case-study,time-energy-rescue,1,1,True,True,True,4,4,True,True,0.111788,0.108967,0.112416
budget-rescue-oxygen-negative,budget,rescue-budget,quick,False,False,True,True,7,4614,656,663,5,4,20,2,1,1,4,3,2,3,"Autonomous rescue case study: the rescue route is reachable, but it exceeds the second resource dimension, interpreted as energy or oxygen.",case-study,oxygen-too-low,1,1,True,True,False,NA,NA,NA,True,0.075954,0.075514,0.076309
budget-rescue-detour-within-budget-positive,budget,rescue-budget,quick,True,True,True,True,7,1690,240,243,6,5,7,2,1,1,5,4,2,3,"Autonomous rescue case study: the direct door is blocked, but a safe detour completes the rescue within the time and energy budgets.",case-study,detour-within-budget,1,1,True,True,True,5,5,True,True,0.207627,0.206309,0.208383
budget-rescue-detour-over-budget-negative,budget,rescue-budget,quick,False,False,True,True,7,2488,337,363,6,5,7,2,1,1,5,4,2,3,"Autonomous rescue case study: the safe detour is reachable, but the second resource dimension is one unit too small.",case-study,detour-over-budget,1,1,True,True,False,NA,NA,NA,True,0.139203,0.137821,0.148430
budget-line-positive-8,budget,line-positive,quick,True,True,True,True,7,1119,157,163,8,1,7,2,1,1,8,7,1,3,1D budget line baseline: budget exactly matches the path cost.,states,8,1,1,True,True,True,8,8,True,True,0.312000,0.308184,0.319732
budget-line-positive-16,budget,line-positive,quick,True,True,True,True,7,87,12,13,16,1,15,2,1,1,16,15,1,3,1D budget line baseline: budget exactly matches the path cost.,states,16,1,1,True,True,True,16,16,True,True,4.225250,3.902615,4.468667
budget-line-positive-32,budget,line-positive,quick,True,True,True,True,7,7,1,1,32,1,31,2,1,1,32,31,1,3,1D budget line baseline: budget exactly matches the path cost.,states,32,1,1,True,True,True,32,32,True,True,67.833000,66.880000,72.252000
budget-line-over-budget-8,budget,line-over-budget,quick,False,False,True,True,7,1705,241,245,8,1,7,2,1,1,8,7,1,3,"1D budget line negative baseline: the goal is reachable, but the budget is one unit too small.",states,8,1,1,True,True,False,NA,NA,NA,True,0.205455,0.204600,0.208228
budget-line-over-budget-16,budget,line-over-budget,quick,False,False,True,True,7,140,20,20,16,1,15,2,1,1,16,15,1,3,"1D budget line negative baseline: the goal is reachable, but the budget is one unit too small.",states,16,1,1,True,True,False,NA,NA,NA,True,2.617250,2.596000,2.625350
budget-line-over-budget-32,budget,line-over-budget,quick,False,False,True,True,7,14,2,2,32,1,31,2,1,1,32,31,1,3,"1D budget line negative baseline: the goal is reachable, but the budget is one unit too small.",states,32,1,1,True,True,False,NA,NA,NA,True,44.895500,44.786500,45.720000
budget-threshold-b0,budget,threshold,quick,False,False,True,True,7,109,15,16,17,1,16,2,1,1,17,16,1,3,Budget threshold sweep with fixed model and fixed witness length.,budget,0,1,1,True,True,False,NA,NA,NA,True,3.328500,3.305562,3.353933
budget-threshold-b4,budget,threshold,quick,False,False,True,True,7,106,15,16,17,1,16,2,1,1,17,16,1,3,Budget threshold sweep with fixed model and fixed witness length.,budget,4,1,1,True,True,False,NA,NA,NA,True,3.406733,3.320438,3.549000
budget-threshold-b16,budget,threshold,quick,True,True,True,True,7,69,8,11,17,1,16,2,1,1,17,16,1,3,Budget threshold sweep with fixed model and fixed witness length.,budget,16,1,1,True,True,True,17,17,True,True,5.115400,5.000909,6.570500
budget-cost-per-step-positive-1,budget,cost-per-step-positive,quick,True,True,True,True,7,68,8,10,17,1,16,2,1,1,17,16,1,3,Cost-per-step sweep: the budget is scaled to match the higher per-step cost.,cost_per_step,1,1,1,True,True,True,17,17,True,True,5.269600,5.014800,6.732500
budget-cost-per-step-positive-2,budget,cost-per-step-positive,quick,True,True,True,True,7,69,9,10,17,1,16,2,1,1,17,16,1,3,Cost-per-step sweep: the budget is scaled to match the higher per-step cost.,cost_per_step,2,1,1,True,True,True,17,17,True,True,5.196500,5.150500,5.712444
budget-cost-per-step-positive-4,budget,cost-per-step-positive,quick,True,True,True,True,7,69,9,10,17,1,16,2,1,1,17,16,1,3,Cost-per-step sweep: the budget is scaled to match the higher per-step cost.,cost_per_step,4,1,1,True,True,True,17,17,True,True,5.161000,5.083200,5.930444
budget-cost-per-step-negative-1,budget,cost-per-step-negative,quick,False,False,True,True,7,102,14,15,17,1,16,2,1,1,17,16,1,3,Cost-per-step sweep: the route is reachable but the budget is one unit below the required cost.,cost_per_step,1,1,1,True,True,False,NA,NA,NA,True,3.473600,3.435533,3.838286
budget-cost-per-step-negative-2,budget,cost-per-step-negative,quick,False,False,True,True,7,102,13,15,17,1,16,2,1,1,17,16,1,3,Cost-per-step sweep: the route is reachable but the budget is one unit below the required cost.,cost_per_step,2,1,1,True,True,False,NA,NA,NA,True,3.421800,3.393267,3.865923
budget-cost-per-step-negative-4,budget,cost-per-step-negative,quick,False,False,True,True,7,106,15,16,17,1,16,2,1,1,17,16,1,3,Cost-per-step sweep: the route is reachable but the budget is one unit below the required cost.,cost_per_step,4,1,1,True,True,False,NA,NA,NA,True,3.352733,3.319500,3.543267
budget-class-count-good-last-2,budget,class-count-good-last,quick,True,True,True,True,7,19258,2247,2946,3,2,6,2,1,2,4,2,1,3,"Plan-class-count sweep: many over-budget classes are available, but the last class is cheap enough.",automata,2,1,1,True,True,True,2,2,True,True,0.017706,0.016979,0.022257
budget-class-count-good-last-4,budget,class-count-good-last,quick,True,True,True,True,7,10883,1500,1599,3,4,12,2,1,4,8,4,1,3,"Plan-class-count sweep: many over-budget classes are available, but the last class is cheap enough.",automata,4,1,1,True,True,True,2,2,True,True,0.031985,0.031271,0.033345
budget-class-count-good-last-8,budget,class-count-good-last,quick,True,True,True,True,7,5777,749,843,3,8,24,2,1,8,16,8,1,3,"Plan-class-count sweep: many over-budget classes are available, but the last class is cheap enough.",automata,8,1,1,True,True,True,2,2,True,True,0.059821,0.059323,0.066797
budget-class-count-no-good-2,budget,class-count-no-good,quick,False,False,True,True,7,38400,5341,5626,3,2,6,2,1,2,4,2,1,3,Plan-class-count sweep: every available class is over-budget or leads to a trap.,automata,2,1,1,False,False,False,NA,NA,NA,True,0.009001,0.008887,0.009362
budget-class-count-no-good-4,budget,class-count-no-good,quick,False,False,True,True,7,16698,2193,2467,3,4,12,2,1,4,8,4,1,3,Plan-class-count sweep: every available class is over-budget or leads to a trap.,automata,4,1,1,False,False,False,NA,NA,NA,True,0.020532,0.020268,0.022803
budget-class-count-no-good-8,budget,class-count-no-good,quick,False,False,True,True,7,6287,781,940,3,8,24,2,1,8,16,8,1,3,Plan-class-count sweep: every available class is over-budget or leads to a trap.,automata,8,1,1,False,False,False,NA,NA,NA,True,0.055277,0.053214,0.064079
budget-vector-line-positive-8,budget,vector-line-positive,quick,True,True,True,True,7,704,98,104,8,1,7,2,1,1,8,7,2,3,Vector-budget line baseline: all dimensions exactly match the path cost.,states,8,1,1,True,True,True,8,8,True,True,0.501690,0.485038,0.513184
budget-vector-line-positive-16,budget,vector-line-positive,quick,True,True,True,True,7,54,7,8,16,1,15,2,1,1,16,15,2,3,Vector-budget line baseline: all dimensions exactly match the path cost.,states,16,1,1,True,True,True,16,16,True,True,7.053375,7.002750,7.315000
budget-vector-line-positive-32,budget,vector-line-positive,quick,True,True,True,True,7,7,1,1,32,1,31,2,1,1,32,31,2,3,Vector-budget line baseline: all dimensions exactly match the path cost.,states,32,1,1,True,True,True,32,32,True,True,129.257000,126.650000,134.058000
budget-vector-line-over-budget-8,budget,vector-line-over-budget,quick,False,False,True,True,7,1074,150,154,8,1,7,2,1,1,8,7,2,3,Vector-budget line negative baseline: the last dimension is one unit too small.,states,8,1,1,True,True,False,NA,NA,NA,True,0.325864,0.325312,0.334400
budget-vector-line-over-budget-16,budget,vector-line-over-budget,quick,False,False,True,True,7,76,10,11,16,1,15,2,1,1,16,15,2,3,Vector-budget line negative baseline: the last dimension is one unit too small.,states,16,1,1,True,True,False,NA,NA,NA,True,4.710727,4.683818,5.112600
budget-vector-line-over-budget-32,budget,vector-line-over-budget,quick,False,False,True,True,7,7,1,1,32,1,31,2,1,1,32,31,2,3,Vector-budget line negative baseline: the last dimension is one unit too small.,states,32,1,1,True,True,False,NA,NA,NA,True,84.879000,83.793000,87.318000
budget-vector-dimension-positive-1,budget,vector-dimension-positive,quick,True,True,True,True,7,193,27,28,13,1,12,2,1,1,13,12,1,3,Vector-dimension sweep: the same route fits every resource dimension.,budget_dimension,1,1,1,True,True,True,13,13,True,True,1.814786,1.793929,1.885704
budget-vector-dimension-positive-2,budget,vector-dimension-positive,quick,True,True,True,True,7,112,16,16,13,1,12,2,1,1,13,12,2,3,Vector-dimension sweep: the same route fits every resource dimension.,budget_dimension,2,1,1,True,True,True,13,13,True,True,3.183688,3.167062,3.206688
budget-vector-dimension-positive-3,budget,vector-dimension-positive,quick,True,True,True,True,7,78,11,12,13,1,12,2,1,1,13,12,3,3,Vector-dimension sweep: the same route fits every resource dimension.,budget_dimension,3,1,1,True,True,True,13,13,True,True,4.621182,4.535417,4.633273
budget-vector-dimension-negative-1,budget,vector-dimension-negative,quick,False,False,True,True,7,290,41,42,13,1,12,2,1,1,13,12,1,3,Vector-dimension sweep: the last resource dimension is under-budget.,budget_dimension,1,1,1,True,True,False,NA,NA,NA,True,1.222780,1.205548,1.235878
budget-vector-dimension-negative-2,budget,vector-dimension-negative,quick,False,False,True,True,7,166,23,24,13,1,12,2,1,1,13,12,2,3,Vector-dimension sweep: the last resource dimension is under-budget.,budget_dimension,2,1,1,True,True,False,NA,NA,NA,True,2.147042,2.117583,2.203957
budget-vector-dimension-negative-3,budget,vector-dimension-negative,quick,False,False,True,True,7,119,17,17,13,1,12,2,1,1,13,12,3,3,Vector-dimension sweep: the last resource dimension is under-budget.,budget_dimension,3,1,1,True,True,False,NA,NA,NA,True,3.033471,3.031588,3.042353
budget-vector-tightness-b0,budget,vector-tightness,quick,False,False,True,True,7,61,8,9,17,1,16,2,1,1,17,16,2,3,Vector-budget tightness sweep: only the second resource bound varies.,budget,0,1,1,True,True,False,NA,NA,NA,True,6.223333,6.080222,6.587750
budget-vector-tightness-b4,budget,vector-tightness,quick,False,False,True,True,7,61,8,9,17,1,16,2,1,1,17,16,2,3,Vector-budget tightness sweep: only the second resource bound varies.,budget,4,1,1,True,True,False,NA,NA,NA,True,6.115667,6.058111,6.407625
budget-vector-tightness-b16,budget,vector-tightness,quick,True,True,True,True,7,42,6,6,17,1,16,2,1,1,17,16,2,3,Vector-budget tightness sweep: only the second resource bound varies.,budget,16,1,1,True,True,True,17,17,True,True,9.170667,9.068500,9.987667
budget-formula-depth-positive-32,budget,formula-depth-positive,quick,True,True,True,True,7,84,12,12,16,1,15,2,1,1,16,15,1,387,"Formula-size sweep with fixed model, fixed budget, and fixed witness automaton.",formula_depth,32,1,1,True,True,True,16,16,True,True,4.271167,4.254667,4.427917
budget-formula-depth-positive-64,budget,formula-depth-positive,quick,True,True,True,True,7,77,11,11,16,1,15,2,1,1,16,15,1,771,"Formula-size sweep with fixed model, fixed budget, and fixed witness automaton.",formula_depth,64,1,1,True,True,True,16,16,True,True,4.679909,4.650364,4.755636
budget-formula-depth-positive-128,budget,formula-depth-positive,quick,True,True,True,True,7,67,9,10,16,1,15,2,1,1,16,15,1,1539,"Formula-size sweep with fixed model, fixed budget, and fixed witness automaton.",formula_depth,128,1,1,True,True,True,16,16,True,True,5.537500,5.373500,5.738222
